"Ward","CC","region"
"6.25807201278327","9.3020800221184","East of England"
"5.89363974560723","12.571586132847","London"
"6.23611375523113","8.20430619041585","Midlands"
"7.11382807531719","8.16032749648307","North East and Yorkshire"
"8.0253073730044","8.73620956696677","North West"
"6.42410519682026","9.06035755742796","South East"
"5.79830666461294","8.4543882832225","South West"
"6.59404584450808","9.46631671355396","England"
