"Ward","CC","region"
"6.12227127098332","9.10151167000846","East of England"
"5.94821645254463","12.4974091140655","London"
"6.17260175311018","8.2554348350265","Midlands"
"6.9893348557242","8.03393398708375","North East and Yorkshire"
"7.87538820250189","8.1126984542919","North West"
"6.20701501660015","8.39282599155015","South East"
"5.8121202955753","8.25099168618086","South West"
"6.51210775532751","9.21943969081726","England"
