"Ward","CC","region"
"0.874326691025103","0.125673308974897","East of England"
"0.831654450490721","0.168345549509279","London"
"0.897675211380204","0.102324788619796","Midlands"
"0.936183142862532","0.0638168571374677","North East and Yorkshire"
"0.967701311866438","0.0322986881335619","North West"
"0.895459284134731","0.104540715865269","South East"
"0.870993355819092","0.129006644180908","South West"
"0.896919699889015","0.103080300110985","England"
