"Ward","CC","region"
"7.55098505098549","9.18187524460079","East of England"
"6.96925963406253","12.6426472346601","London"
"7.35569205692483","8.07841467069007","Midlands"
"7.58172046362776","8.54073556268135","North East and Yorkshire"
"8.56659530534783","8.09423397107291","North West"
"7.86854181468463","8.07368291718924","South East"
"7.8529189551358","9.21566570064919","South West"
"7.6177742440726","9.30918052434645","England"
