"Ward","CC","region"
"0.870993355819092","0.129006644180908","East of England"
"0.82637473633839","0.17362526366161","London"
"0.898915207238151","0.101084792761849","Midlands"
"0.929734679318529","0.0702653206814714","North East and Yorkshire"
"0.947994186529496","0.0520058134705045","North West"
"0.901772981901799","0.0982270180982006","South East"
"0.887585722032287","0.112414277967713","South West"
"0.89302266462423","0.10697733537577","England"
