"Ward","CC","region"
"0.857088576995907","0.142911423004093","East of England"
"0.826412131890645","0.173587868109355","London"
"0.887446776276052","0.112553223723948","Midlands"
"0.951980040664557","0.0480199593354432","North East and Yorkshire"
"0.977848090443765","0.0221519095562353","North West"
"0.892424999786339","0.107575000213661","South East"
"0.868313119147706","0.131686880852294","South West"
"0.895656028904801","0.104343971095199","England"
