"Bed_Ward","n","LoS","SD"
"Bed CC",31,4.67060931899642,3.23522840243825
"Bed Ward",170,3.98162173202614,3.59557419283872
