"n","total_los","total_sd","dsterm","bedtype"
7816,12.2327661207779,12.4331050521666,0,"CC"
46511,8.369533703101,10.4189300551793,0,"Ward"
42980,11.0703920428106,12.8860488853043,1,"Total"
