n,total_los,total_sd,dsterm,bedtype
6539,12.58491742,12.77991842,0,CC
39885,8.784553982,10.77925098,0,Ward
36514,11.69375103,13.22903985,1,Total
