"n","step1_los","step1_sd","step2_los","step2_sd","step3_los","step3_sd","total_los","total_sd","dsterm","pathway"
232,10.56736,11.8784670143157,NA,NA,NA,NA,10.60873,11.8641255624616,0,"Bed CC"
2521,13.5307875,13.1909718755759,6.2174975,12.6485508190018,NA,NA,19.8230475,18.2572521333386,0,"Bed CC, Bed Ward"
29975,9.102085,10.2660976680718,NA,NA,NA,NA,9.065045,10.2008114120157,0,"Bed Ward"
183,3.25288,4.26001563177083,8.30416,12.5636711455182,NA,NA,11.58299,13.287866301021,0,"Bed Ward, Bed CC"
3603,3.91528,6.08440076925635,11.8010925,11.7625253454124,6.868675,13.9103534273468,22.7053425,19.3138367906434,0,"Bed Ward, Bed CC, Bed Ward"
