"Bed_Ward","n","LoS","SD","SD2"
"Bed CC",31,4.05347222222222,2.828125,5.61180555555556
"Bed Ward",170,2.91076388888889,1.63506944444444,5.23454861111111
